Geneid	baseMean	log2FoldChange	lfcSE	stat	pvalue	padj	DEG_status	gene_id	gene_name	gene_biotype
gene:FGSG_00554	9536.71797946453	-3.12091737397327	0.143211400099558	-21.7923808565775	2.74027041063314e-105	2.3969145281808e-101	down	gene:FGSG_00554	gene:FGSG_00554	NA
gene:FGSG_06480	4716.77061079263	2.7473632372084	0.183768962399977	14.9500938642114	1.55529813258666e-50	6.80209638286774e-47	up	gene:FGSG_06480	gene:FGSG_06480	NA
gene:FGSG_11097	874.353586539984	2.30468174063706	0.163100330308874	14.1304541583241	2.46549124243312e-45	7.18855063252083e-42	up	gene:FGSG_11097	gene:FGSG_11097	NA
gene:FGSG_10766	305.850529242875	-3.18774294513502	0.229564039548739	-13.8860727115678	7.69397969977911e-44	1.6824810108492e-40	down	gene:FGSG_10766	gene:FGSG_10766	NA
gene:FGSG_04694	998.196028592741	1.95098197995703	0.164219353076507	11.8803414056082	1.49754469083824e-32	2.61980468215242e-29	up	gene:FGSG_04694	gene:FGSG_04694	NA
gene:FGSG_13756	1093.54022860117	2.03939846187775	0.173581847430958	11.7489155234905	7.15309409330546e-32	1.04280190056905e-28	up	gene:FGSG_13756	gene:FGSG_13756	NA
gene:FGSG_02323	3419.05793809083	-1.3170110294216	0.120551835096863	-10.924852602728	8.76826459622562e-28	1.09565729175979e-24	down	gene:FGSG_02323	gene:FGSG_02323	NA
gene:FGSG_06751	3096.93386231055	-1.48646350857214	0.137907636450655	-10.7786888879356	4.34027898855599e-27	4.7455525391124e-24	down	gene:FGSG_06751	gene:FGSG_06751	NA
gene:FGSG_02322	24302.51026124	-1.6439764169527	0.155308626365581	-10.5852228264703	3.48949496875996e-26	3.39140138797149e-23	down	gene:FGSG_02322	gene:FGSG_02322	NA
gene:FGSG_00523	7198.82354567106	-1.46741511510751	0.138829348867392	-10.5699200282871	4.10844825766692e-26	3.59365969098125e-23	down	gene:FGSG_00523	gene:FGSG_00523	NA
gene:FGSG_02615	3233.76808275283	-1.63972828417796	0.155580070592339	-10.5394494162076	5.68306325091898e-26	4.14247952131569e-23	down	gene:FGSG_02615	gene:FGSG_02615	NA
gene:FGSG_08844	5488.40390957995	1.90620656985893	0.181982960642186	10.4746431376447	1.12962845871774e-25	7.60066163723387e-23	up	gene:FGSG_08844	gene:FGSG_08844	NA
gene:FGSG_02291	415.685217370562	2.14309333782692	0.217634401982482	9.84721771146931	7.04676792543958e-23	4.109205269588e-20	up	gene:FGSG_02291	gene:FGSG_02291	NA
gene:FGSG_11129	4482.92662170102	1.11080299183136	0.114252482159962	9.72235325510168	2.42120050614546e-22	1.3236400517034e-19	up	gene:FGSG_11129	gene:FGSG_11129	NA
gene:FGSG_02139	4934.70026112758	2.19931198588313	0.227845073066581	9.65266422610089	4.7894930723776e-22	2.46433505318158e-19	up	gene:FGSG_02139	gene:FGSG_02139	NA
gene:FGSG_05159	2005.66227146025	1.47689893730213	0.154247688165699	9.57485298395907	1.02002322967909e-21	4.95674621666834e-19	up	gene:FGSG_05159	gene:FGSG_05159	NA
gene:FGSG_08172	764.506545574858	-1.49215461766066	0.159708833023314	-9.34296863494604	9.36702088856714e-21	4.31228061643667e-18	down	gene:FGSG_08172	gene:FGSG_08172	NA
gene:FGSG_03518	5994.74061620906	-1.20278560543816	0.129851817711419	-9.26275524391362	1.9922366727622e-20	8.71304708832548e-18	down	gene:FGSG_03518	gene:FGSG_03518	NA
gene:FGSG_12704	659.814330589866	1.82590399419209	0.197846015176295	9.22891468177958	2.73387849218311e-20	1.13872548433932e-17	up	gene:FGSG_12704	gene:FGSG_12704	NA
gene:FGSG_06184	55372.2735385608	1.02876939038588	0.112522010337789	9.14282803246701	6.08400910786106e-20	2.41894671211185e-17	up	gene:FGSG_06184	gene:FGSG_06184	NA
